<!-- ClubApplicationMapper.xml -->

<!DOCTYPE mapper PUBLIC "-//mybatis.org//DTD Mapper 3.0//EN"
        "http://mybatis.org/dtd/mybatis-3-mapper.dtd">

<mapper namespace="com.ivan.communitymanagementsys.mapper.ClubApplicationMapper">

    <update id="update">
        update club_applications
        <set>
            <if test="status!=null and status!=''">
                status = #{status},
            </if>
            <if test="auditTime!=null">
                audit_time = #{auditTime},
            </if>
        </set>
        where user_id = #{userId} and id = #{id}
    </update>
</mapper>