<!-- NewsletterMapper.xml -->
<!DOCTYPE mapper PUBLIC "-//mybatis.org//DTD Mapper 3.0//EN"
        "http://mybatis.org/dtd/mybatis-3-mapper.dtd">

<mapper namespace="com.ivan.communitymanagementsys.mapper.NewsletterMapper">
    <update id="update">
        update newsletter
        <set>
            <if test="name!=null and name!=''">
                name = #{name},
            </if>
            <if test="content!=null and content!=''">
                content = #{content},
            </if>
            <if test="img!=null and img!=''">
                img = #{img},
            </if>
            <if test="publishTime!=null">
                publish_time = #{publishTime}
            </if>
        </set>
        where id = #{id}
    </update>
    <select id="getAllNewsletter" resultType="com.ivan.communitymanagementsys.entity.Newsletter">
        select * from newsletter
        <where>
            <if test="name!=null and name!=''">
                and name like concat('%',#{name},'%')
            </if>
            <if test="content!=null and content!=''">
                and content like concat('%',#{content},'%')
            </if>
        </where>
    </select>
</mapper>